sampleIndex,timestamp,HR0,HR1,HR2,HR3,HR4,HR5,HR6,HR7,HR8,HR9,HR10,HR11,HR12,HR13,HR14,HR15,HR16,HR17,HR18,HR19,HR20,HR21,HR22,HR23,HR24,HR25,HR26,HR27,HR28,HR29,HR30,HR31,HR32,HR33,HR34,HR35,HR36,HR37,HR38,HR39,HR40,HR41,HR42,HR43,HR44,HR45,HR46,HR47,HR48,HR49,HR50,HR51,HR52,HR53,HR54,HR55,HR56,HR57,HR58,HR59
0,2026-04-08T09:37:47.010665,1,257,257,256,0,0,0,0,0,0,0,0,0,0,0,0,0,0,0,0,0,0,0,0,0,0,0,0,0,0,0,0,256,0,0,0,256,0,0,0,256,0,0,0,0,19,0,0,0,0,0,0,0,51,0,0,0,0,0,0
1,2026-04-08T09:37:47.612749,1,257,257,256,0,0,0,0,0,0,0,0,0,0,0,0,0,0,0,0,0,0,0,0,0,0,0,0,0,0,0,0,256,0,0,0,256,0,0,0,256,0,0,0,0,19,0,0,0,0,0,0,0,51,0,0,0,0,0,0
2,2026-04-08T09:37:48.211426,1,257,257,256,0,0,0,0,0,0,0,0,0,0,0,0,0,0,0,0,0,0,0,0,0,0,0,0,0,0,0,0,256,0,0,0,256,0,0,0,256,0,0,0,0,19,0,0,0,0,0,0,0,51,0,0,0,0,0,0
3,2026-04-08T09:37:48.929654,1,257,257,256,0,0,0,0,0,0,0,0,0,0,0,0,0,0,0,0,0,0,0,0,0,0,0,0,0,0,0,0,256,0,0,0,256,0,0,0,256,0,0,0,0,19,0,0,0,0,0,0,0,51,0,0,0,0,0,0
4,2026-04-08T09:37:49.533541,1,257,257,256,0,0,0,0,0,0,0,0,0,0,0,0,0,0,0,0,0,0,0,0,0,0,0,0,0,0,0,0,256,0,0,0,256,0,0,0,256,0,0,0,0,19,0,0,0,0,0,0,0,51,0,0,0,0,0,0
5,2026-04-08T09:37:50.144649,1,257,257,256,0,0,0,0,0,0,0,0,0,0,0,0,0,0,0,0,0,0,0,0,0,0,0,0,0,0,0,0,256,0,0,0,256,0,0,0,256,0,0,0,0,19,0,0,0,0,0,0,0,51,0,0,0,0,0,0
6,2026-04-08T09:37:50.750937,1,257,257,256,0,0,0,0,0,0,0,0,0,0,0,0,0,0,0,0,0,0,0,0,0,0,0,0,0,0,0,0,256,0,0,0,256,0,0,0,256,0,0,0,0,19,0,0,0,0,0,0,0,51,0,0,0,0,0,0
7,2026-04-08T09:37:51.353669,1,257,257,256,0,0,0,0,0,0,0,0,0,0,0,0,0,0,0,0,0,0,0,0,0,0,0,0,0,0,0,0,256,0,0,0,256,0,0,0,256,0,0,0,0,19,0,0,0,0,0,0,0,51,0,0,0,0,0,0
8,2026-04-08T09:37:51.970829,1,257,257,256,0,0,0,0,0,0,0,0,0,0,0,0,0,0,0,0,0,0,0,0,0,0,0,0,0,0,0,0,256,0,0,0,256,0,0,0,256,0,0,0,0,19,0,0,0,0,0,0,0,51,0,0,0,0,0,0
9,2026-04-08T09:37:52.573845,1,257,257,256,0,0,0,0,0,0,0,0,0,0,0,0,0,0,0,0,0,0,0,0,0,0,0,0,0,0,0,0,256,0,0,0,256,0,0,0,256,0,0,0,0,19,0,0,0,0,0,0,0,51,0,0,0,0,0,0
10,2026-04-08T09:37:53.216398,1,257,257,256,0,0,0,0,0,0,0,0,0,0,0,0,0,0,0,0,0,0,0,0,0,0,0,0,0,0,0,0,256,0,0,0,256,0,0,0,256,0,0,0,0,19,0,0,0,0,0,0,0,51,0,0,0,0,0,0
11,2026-04-08T09:37:53.815419,1,257,257,256,0,0,0,0,0,0,0,0,0,0,0,0,0,0,0,0,0,0,0,0,0,0,0,0,0,0,0,0,256,0,0,0,256,0,0,0,256,0,0,0,0,19,0,0,0,0,0,0,0,51,0,0,0,0,0,0
12,2026-04-08T09:37:54.416375,1,257,257,256,0,0,0,0,0,0,0,0,0,0,0,0,0,0,0,0,0,0,0,0,0,0,0,0,0,0,0,0,256,0,0,0,256,0,0,0,256,0,0,0,0,19,0,0,0,0,0,0,0,51,0,0,0,0,0,0
13,2026-04-08T09:37:55.019035,1,257,257,256,0,0,0,0,0,0,0,0,0,0,0,0,0,0,0,0,0,0,0,0,0,0,0,0,0,0,0,0,256,0,0,0,256,0,0,0,256,0,0,0,0,19,0,0,0,0,0,0,0,51,0,0,0,0,0,0
14,2026-04-08T09:37:55.616171,1,257,257,256,0,0,0,0,0,0,0,0,0,0,0,0,0,0,0,0,0,0,0,0,0,0,0,0,0,0,0,0,256,0,0,0,256,0,0,0,256,0,0,0,0,19,0,0,0,0,0,0,0,51,0,0,0,0,0,0
15,2026-04-08T09:37:56.274084,1,257,257,256,0,0,0,0,0,0,0,0,0,0,0,0,0,0,0,0,0,0,0,0,0,0,0,0,0,0,0,0,256,0,0,0,256,0,0,0,256,0,0,0,0,19,0,0,0,0,0,0,0,51,0,0,0,0,0,0
16,2026-04-08T09:37:56.875532,1,257,257,256,0,0,0,0,0,0,0,0,0,0,0,0,0,0,0,0,0,0,0,0,0,0,0,0,0,0,0,0,256,0,0,0,256,0,0,0,256,0,0,0,0,19,0,0,0,0,0,0,0,51,0,0,0,0,0,0
17,2026-04-08T09:37:57.470795,1,257,257,256,0,0,0,0,0,0,0,0,0,0,0,0,0,0,0,0,0,0,0,0,0,0,0,0,0,0,0,0,256,0,0,0,256,0,0,0,256,0,0,0,0,19,0,0,0,0,0,0,0,51,0,0,0,0,0,0
18,2026-04-08T09:37:58.060539,1,257,257,256,0,0,0,0,0,0,0,0,0,0,0,0,0,0,0,0,0,0,0,0,0,0,0,0,0,0,0,0,256,0,0,0,256,0,0,0,256,0,0,0,0,19,0,0,0,0,0,0,0,51,0,0,0,0,0,0
19,2026-04-08T09:37:58.670895,1,257,257,256,0,0,0,0,0,0,0,0,0,0,0,0,0,0,0,0,0,0,0,0,0,0,0,0,0,0,0,0,256,0,0,0,256,0,0,0,256,0,0,0,0,19,0,0,0,0,0,0,0,51,0,0,0,0,0,0
20,2026-04-08T09:37:59.270147,1,257,257,256,0,0,0,0,0,0,0,0,0,0,0,0,0,0,0,0,0,0,0,0,0,0,0,0,0,0,0,0,256,0,0,0,256,0,0,0,256,0,0,0,0,19,0,0,0,0,0,0,0,51,0,0,0,0,0,0
21,2026-04-08T09:37:59.891172,1,257,257,256,0,0,0,0,0,0,0,0,0,0,0,0,0,0,0,0,0,0,0,0,0,0,0,0,0,0,0,0,256,0,0,0,256,0,0,0,256,0,0,0,0,19,0,0,0,0,0,0,0,51,0,0,0,0,0,0
22,2026-04-08T09:38:00.556228,1,257,257,256,0,0,0,0,0,0,0,0,0,0,0,0,0,0,0,0,0,0,0,0,0,0,0,0,0,0,0,0,256,0,0,0,256,0,0,0,256,0,0,0,0,19,0,0,0,0,0,0,0,51,0,0,0,0,0,0
23,2026-04-08T09:38:01.153058,1,257,257,256,0,0,0,0,0,0,0,0,0,0,0,0,0,0,0,0,0,0,0,0,0,0,0,0,0,0,0,0,256,0,0,0,256,0,0,0,256,0,0,0,0,19,0,0,0,0,0,0,0,51,0,0,0,0,0,0
24,2026-04-08T09:38:01.755705,1,257,257,256,0,0,0,0,0,0,0,0,0,0,0,0,0,0,0,0,0,0,0,0,0,0,0,0,0,0,0,0,256,0,0,0,256,0,0,0,256,0,0,0,0,19,0,0,0,0,0,0,0,51,0,0,0,0,0,0
25,2026-04-08T09:38:02.358636,1,257,257,256,0,0,0,0,0,0,0,0,0,0,0,0,0,0,0,0,0,0,0,0,0,0,0,0,0,0,0,0,256,0,0,0,256,0,0,0,256,0,0,0,0,19,0,0,0,0,0,0,0,51,0,0,0,0,0,0
26,2026-04-08T09:38:02.971950,1,257,257,256,0,0,0,0,0,0,0,0,0,0,0,0,0,0,0,0,0,0,0,0,0,0,0,0,0,0,0,0,256,0,0,0,256,0,0,0,256,0,0,0,0,19,0,0,0,0,0,0,0,51,0,0,0,0,0,0
27,2026-04-08T09:38:03.610210,1,257,257,256,0,0,0,0,0,0,0,0,0,0,0,0,0,0,0,0,0,0,0,0,0,0,0,0,0,0,0,0,256,0,0,0,256,0,0,0,256,0,0,0,0,19,0,0,0,0,0,0,0,51,0,0,0,0,0,0
28,2026-04-08T09:38:04.208713,1,257,257,256,0,0,0,0,0,0,0,0,0,0,0,0,0,0,0,0,0,0,0,0,0,0,0,0,0,0,0,0,256,0,0,0,256,0,0,0,256,0,0,0,0,19,0,0,0,0,0,0,0,51,0,0,0,0,0,0
29,2026-04-08T09:38:04.816742,1,257,257,256,0,0,0,0,0,0,0,0,0,0,0,0,0,0,0,0,0,0,0,0,0,0,0,0,0,0,0,0,256,0,0,0,256,0,0,0,256,0,0,0,0,19,0,0,0,0,0,0,0,51,0,0,0,0,0,0
30,2026-04-08T09:38:05.430296,1,257,257,256,0,0,0,0,0,0,0,0,0,0,0,0,0,0,0,0,0,0,0,0,0,0,0,0,0,0,0,0,256,0,0,0,256,0,0,0,256,0,0,0,0,19,0,0,0,0,0,0,0,51,0,0,0,0,0,0
31,2026-04-08T09:38:06.030229,1,257,257,256,0,0,0,0,0,0,0,0,0,0,0,0,0,0,0,0,0,0,0,0,0,0,0,0,0,0,0,0,256,0,0,0,256,0,0,0,256,0,0,0,0,19,0,0,0,0,0,0,0,51,0,0,0,0,0,0
32,2026-04-08T09:38:06.634222,1,257,257,256,0,0,0,0,0,0,0,0,0,0,0,0,0,0,0,0,0,0,0,0,0,0,0,0,0,0,0,0,256,0,0,0,256,0,0,0,256,0,0,0,0,19,0,0,0,0,0,0,0,51,0,0,0,0,0,0
33,2026-04-08T09:38:07.232246,1,257,257,256,0,0,0,0,0,0,0,0,0,0,0,0,0,0,0,0,0,0,0,0,0,0,0,0,0,0,0,0,256,0,0,0,256,0,0,0,256,0,0,0,0,19,0,0,0,0,0,0,0,51,0,0,0,0,0,0
34,2026-04-08T09:38:07.893386,1,257,257,256,0,0,0,0,0,0,0,0,0,0,0,0,0,0,0,0,0,0,0,0,0,0,0,0,0,0,0,0,256,0,0,0,256,0,0,0,256,0,0,0,0,19,0,0,0,0,0,0,0,51,0,0,0,0,0,0
35,2026-04-08T09:38:08.491079,1,257,257,256,0,0,0,0,0,0,0,0,0,0,0,0,0,0,0,0,0,0,0,0,0,0,0,0,0,0,0,0,256,0,0,0,256,0,0,0,256,0,0,0,0,19,0,0,0,0,0,0,0,51,0,0,0,0,0,0
36,2026-04-08T09:38:09.109272,1,257,257,256,0,0,0,0,0,0,0,0,0,0,0,0,0,0,0,0,0,0,0,0,0,0,0,0,0,0,0,0,256,0,0,0,256,0,0,0,256,0,0,0,0,19,0,0,0,0,0,0,0,51,0,0,0,0,0,0
37,2026-04-08T09:38:09.732576,1,257,257,256,0,0,0,0,0,0,0,0,0,0,0,0,0,0,0,0,0,0,0,0,0,0,0,0,0,0,0,0,256,0,0,0,256,0,0,0,256,0,0,0,0,19,0,0,0,0,0,0,0,51,0,0,0,0,0,0
38,2026-04-08T09:38:10.332105,1,257,257,256,0,0,0,0,0,0,0,0,0,0,0,0,0,0,0,0,0,0,0,0,0,0,0,0,0,0,0,0,256,0,0,0,256,0,0,0,256,0,0,0,0,19,0,0,0,0,0,0,0,51,0,0,0,0,0,0
39,2026-04-08T09:38:11.046482,1,257,257,256,0,0,0,0,0,0,0,0,0,0,0,0,0,0,0,0,0,0,0,0,0,0,0,0,0,0,0,0,256,0,0,0,256,0,0,0,256,0,0,0,0,19,0,0,0,0,0,0,0,51,0,0,0,0,0,0
40,2026-04-08T09:38:11.670422,1,257,257,256,0,0,0,0,0,0,0,0,0,0,0,0,0,0,0,0,0,0,0,0,0,0,0,0,0,0,0,0,256,0,0,0,256,0,0,0,256,0,0,0,0,19,0,0,0,0,0,0,0,51,0,0,0,0,0,0
41,2026-04-08T09:38:12.281270,1,257,257,256,0,0,0,0,0,0,0,0,0,0,0,0,0,0,0,0,0,0,0,0,0,0,0,0,0,0,0,0,256,0,0,0,256,0,0,0,256,0,0,0,0,19,0,0,0,0,0,0,0,51,0,0,0,0,0,0
42,2026-04-08T09:38:12.905538,1,257,257,256,0,0,0,0,0,0,0,0,0,0,0,0,0,0,0,0,0,0,0,0,0,0,0,0,0,0,0,0,256,0,0,0,256,0,0,0,256,0,0,0,0,19,0,0,0,0,0,0,0,51,0,0,0,0,0,0
43,2026-04-08T09:38:13.516647,1,257,257,256,0,0,0,0,0,0,0,0,0,0,0,0,0,0,0,0,0,0,0,0,0,0,0,0,0,0,0,0,256,0,0,0,256,0,0,0,256,0,0,0,0,19,0,0,0,0,0,0,0,51,0,0,0,0,0,0
44,2026-04-08T09:38:14.211376,1,257,257,256,0,0,0,0,0,0,0,0,0,0,0,0,0,0,0,0,0,0,0,0,0,0,0,0,0,0,0,0,256,0,0,0,256,0,0,0,256,0,0,0,0,19,0,0,0,0,0,0,0,51,0,0,0,0,0,0
45,2026-04-08T09:38:14.808415,1,257,257,256,0,0,0,0,0,0,0,0,0,0,0,0,0,0,0,0,0,0,0,0,0,0,0,0,0,0,0,0,256,0,0,0,256,0,0,0,256,0,0,0,0,19,0,0,0,0,0,0,0,51,0,0,0,0,0,0
46,2026-04-08T09:38:15.417111,1,257,257,256,0,0,0,0,0,0,0,0,0,0,0,0,0,0,0,0,0,0,0,0,0,0,0,0,0,0,0,0,256,0,0,0,256,0,0,0,256,0,0,0,0,19,0,0,0,0,0,0,0,51,0,0,0,0,0,0
47,2026-04-08T09:38:16.016933,1,257,257,256,0,0,0,0,0,0,0,0,0,0,0,0,0,0,0,0,0,0,0,0,0,0,0,0,0,0,0,0,256,0,0,0,256,0,0,0,256,0,0,0,0,19,0,0,0,0,0,0,0,51,0,0,0,0,0,0
48,2026-04-08T09:38:16.613254,1,257,257,256,0,0,0,0,0,0,0,0,0,0,0,0,0,0,0,0,0,0,0,0,0,0,0,0,0,0,0,0,256,0,0,0,256,0,0,0,256,0,0,0,0,19,0,0,0,0,0,0,0,51,0,0,0,0,0,0
49,2026-04-08T09:38:17.239942,1,257,257,256,0,0,0,0,0,0,0,0,0,0,0,0,0,0,0,0,0,0,0,0,0,0,0,0,0,0,0,0,256,0,0,0,256,0,0,0,256,0,0,0,0,19,0,0,0,0,0,0,0,51,0,0,0,0,0,0
50,2026-04-08T09:38:17.837759,1,257,257,256,0,0,0,0,0,0,0,0,0,0,0,0,0,0,0,0,0,0,0,0,0,0,0,0,0,0,0,0,256,0,0,0,256,0,0,0,256,0,0,0,0,19,0,0,0,0,0,0,0,51,0,0,0,0,0,0
51,2026-04-08T09:38:18.440400,1,257,257,256,0,0,0,0,0,0,0,0,0,0,0,0,0,0,0,0,0,0,0,0,0,0,0,0,0,0,0,0,256,0,0,0,256,0,0,0,256,0,0,0,0,19,0,0,0,0,0,0,0,51,0,0,0,0,0,0
52,2026-04-08T09:38:19.053810,1,257,257,256,0,0,0,0,0,0,0,0,0,0,0,0,0,0,0,0,0,0,0,0,0,0,0,0,0,0,0,0,256,0,0,0,256,0,0,0,256,0,0,0,0,19,0,0,0,0,0,0,0,51,0,0,0,0,0,0
53,2026-04-08T09:38:19.667362,1,257,257,256,0,0,0,0,0,0,0,0,0,0,0,0,0,0,0,0,0,0,0,0,0,0,0,0,0,0,0,0,256,0,0,0,256,0,0,0,256,0,0,0,0,19,0,0,0,0,0,0,0,51,0,0,0,0,0,0
54,2026-04-08T09:38:20.263437,1,257,257,256,0,0,0,0,0,0,0,0,0,0,0,0,0,0,0,0,0,0,0,0,0,0,0,0,0,0,0,0,256,0,0,0,256,0,0,0,256,0,0,0,0,19,0,0,0,0,0,0,0,51,0,0,0,0,0,0
55,2026-04-08T09:38:20.882285,1,257,257,256,0,0,0,0,0,0,0,0,0,0,0,0,0,0,0,0,0,0,0,0,0,0,0,0,0,0,0,0,256,0,0,0,256,0,0,0,256,0,0,0,0,19,0,0,0,0,0,0,0,51,0,0,0,0,0,0
56,2026-04-08T09:38:21.526412,1,257,257,256,0,0,0,0,0,0,0,0,0,0,0,0,0,0,0,0,0,0,0,0,0,0,0,0,0,0,0,0,256,0,0,0,256,0,0,0,256,0,0,0,0,19,0,0,0,0,0,0,0,51,0,0,0,0,0,0
57,2026-04-08T09:38:22.123088,1,257,257,256,0,0,0,0,0,0,0,0,0,0,0,0,0,0,0,0,0,0,0,0,0,0,0,0,0,0,0,0,256,0,0,0,256,0,0,0,256,0,0,0,0,19,0,0,0,0,0,0,0,51,0,0,0,0,0,0
58,2026-04-08T09:38:22.735866,1,257,257,256,0,0,0,0,0,0,0,0,0,0,0,0,0,0,0,0,0,0,0,0,0,0,0,0,0,0,0,0,256,0,0,0,256,0,0,0,256,0,0,0,0,19,0,0,0,0,0,0,0,51,0,0,0,0,0,0
59,2026-04-08T09:38:23.341846,1,257,257,256,0,0,0,0,0,0,0,0,0,0,0,0,0,0,0,0,0,0,0,0,0,0,0,0,0,0,0,0,256,0,0,0,256,0,0,0,256,0,0,0,0,19,0,0,0,0,0,0,0,51,0,0,0,0,0,0
60,2026-04-08T09:38:23.938910,1,257,257,256,0,0,0,0,0,0,0,0,0,0,0,0,0,0,0,0,0,0,0,0,0,0,0,0,0,0,0,0,256,0,0,0,256,0,0,0,256,0,0,0,0,19,0,0,0,0,0,0,0,51,0,0,0,0,0,0
61,2026-04-08T09:38:24.590466,1,257,257,256,0,0,0,0,0,0,0,0,0,0,0,0,0,0,0,0,0,0,0,0,0,0,0,0,0,0,0,0,256,0,0,0,256,0,0,0,256,0,0,0,0,19,0,0,0,0,0,0,0,51,0,0,0,0,0,0
62,2026-04-08T09:38:25.223679,1,257,257,256,0,0,0,0,0,0,0,0,0,0,0,0,0,0,0,0,0,0,0,0,0,0,0,0,0,0,0,0,256,0,0,0,256,0,0,0,256,0,0,0,0,19,0,0,0,0,0,0,0,51,0,0,0,0,0,0
63,2026-04-08T09:38:25.821333,1,257,257,256,0,0,0,0,0,0,0,0,0,0,0,0,0,0,0,0,0,0,0,0,0,0,0,0,0,0,0,0,256,0,0,0,256,0,0,0,256,0,0,0,0,19,0,0,0,0,0,0,0,51,0,0,0,0,0,0
64,2026-04-08T09:38:26.438897,1,257,257,256,0,0,0,0,0,0,0,0,0,0,0,0,0,0,0,0,0,0,0,0,0,0,0,0,0,0,0,0,256,0,0,0,256,0,0,0,256,0,0,0,0,19,0,0,0,0,0,0,0,51,0,0,0,0,0,0
65,2026-04-08T09:38:27.038516,1,257,257,256,0,0,0,0,0,0,0,0,0,0,0,0,0,0,0,0,0,0,0,0,0,0,0,0,0,0,0,0,256,0,0,0,256,0,0,0,256,0,0,0,0,19,0,0,0,0,0,0,0,51,0,0,0,0,0,0
66,2026-04-08T09:38:27.725238,1,257,257,256,0,0,0,0,0,0,0,0,0,0,0,0,0,0,0,0,0,0,0,0,0,0,0,0,0,0,0,0,256,0,0,0,256,0,0,0,256,0,0,0,0,19,0,0,0,0,0,0,0,51,0,0,0,0,0,0
67,2026-04-08T09:38:28.321404,1,257,257,256,0,0,0,0,0,0,0,0,0,0,0,0,0,0,0,0,0,0,0,0,0,0,0,0,0,0,0,0,256,0,0,0,256,0,0,0,256,0,0,0,0,19,0,0,0,0,0,0,0,51,0,0,0,0,0,0
68,2026-04-08T09:38:28.929622,1,257,257,256,0,0,0,0,0,0,0,0,0,0,0,0,0,0,0,0,0,0,0,0,0,0,0,0,0,0,0,0,256,0,0,0,256,0,0,0,256,0,0,0,0,19,0,0,0,0,0,0,0,51,0,0,0,0,0,0
69,2026-04-08T09:38:29.534023,1,257,257,256,0,0,0,0,0,0,0,0,0,0,0,0,0,0,0,0,0,0,0,0,0,0,0,0,0,0,0,0,256,0,0,0,256,0,0,0,256,0,0,0,0,19,0,0,0,0,0,0,0,51,0,0,0,0,0,0
70,2026-04-08T09:38:30.125733,1,257,257,256,0,0,0,0,0,0,0,0,0,0,0,0,0,0,0,0,0,0,0,0,0,0,0,0,0,0,0,0,256,0,0,0,256,0,0,0,256,0,0,0,0,19,0,0,0,0,0,0,0,51,0,0,0,0,0,0
71,2026-04-08T09:38:30.719484,1,257,257,256,0,0,0,0,0,0,0,0,0,0,0,0,0,0,0,0,0,0,0,0,0,0,0,0,0,0,0,0,256,0,0,0,256,0,0,0,256,0,0,0,0,19,0,0,0,0,0,0,0,51,0,0,0,0,0,0
72,2026-04-08T09:38:31.323563,1,257,257,256,0,0,0,0,0,0,0,0,0,0,0,0,0,0,0,0,0,0,0,0,0,0,0,0,0,0,0,0,256,0,0,0,256,0,0,0,256,0,0,0,0,19,0,0,0,0,0,0,0,51,0,0,0,0,0,0
73,2026-04-08T09:38:32.009967,1,257,257,256,0,0,0,0,0,0,0,0,0,0,0,0,0,0,0,0,0,0,0,0,0,0,0,0,0,0,0,0,256,0,0,0,256,0,0,0,256,0,0,0,0,19,0,0,0,0,0,0,0,51,0,0,0,0,0,0
74,2026-04-08T09:38:32.615679,1,257,257,256,0,0,0,0,0,0,0,0,0,0,0,0,0,0,0,0,0,0,0,0,0,0,0,0,0,0,0,0,256,0,0,0,256,0,0,0,256,0,0,0,0,19,0,0,0,0,0,0,0,51,0,0,0,0,0,0
75,2026-04-08T09:38:33.222856,1,257,257,256,0,0,0,0,0,0,0,0,0,0,0,0,0,0,0,0,0,0,0,0,0,0,0,0,0,0,0,0,256,0,0,0,256,0,0,0,256,0,0,0,0,19,0,0,0,0,0,0,0,51,0,0,0,0,0,0
76,2026-04-08T09:38:33.830656,1,257,257,256,0,0,0,0,0,0,0,0,0,0,0,0,0,0,0,0,0,0,0,0,0,0,0,0,0,0,0,0,256,0,0,0,256,0,0,0,256,0,0,0,0,19,0,0,0,0,0,0,0,51,0,0,0,0,0,0
77,2026-04-08T09:38:34.425861,1,257,257,256,0,0,0,0,0,0,0,0,0,0,0,0,0,0,0,0,0,0,0,0,0,0,0,0,0,0,0,0,256,0,0,0,256,0,0,0,256,0,0,0,0,19,0,0,0,0,0,0,0,51,0,0,0,0,0,0
78,2026-04-08T09:38:35.076451,1,257,257,256,0,0,0,0,0,0,0,0,0,0,0,0,0,0,0,0,0,0,0,0,0,0,0,0,0,0,0,0,256,0,0,0,256,0,0,0,256,0,0,0,0,19,0,0,0,0,0,0,0,51,0,0,0,0,0,0
79,2026-04-08T09:38:35.693477,1,257,257,256,0,0,0,0,0,0,0,0,0,0,0,0,0,0,0,0,0,0,0,0,0,0,0,0,0,0,0,0,256,0,0,0,256,0,0,0,256,0,0,0,0,19,0,0,0,0,0,0,0,51,0,0,0,0,0,0
80,2026-04-08T09:38:36.294973,1,257,257,256,0,0,0,0,0,0,0,0,0,0,0,0,0,0,0,0,0,0,0,0,0,0,0,0,0,0,0,0,256,0,0,0,256,0,0,0,256,0,0,0,0,19,0,0,0,0,0,0,0,51,0,0,0,0,0,0
81,2026-04-08T09:38:36.897228,1,257,257,256,0,0,0,0,0,0,0,0,0,0,0,0,0,0,0,0,0,0,0,0,0,0,0,0,0,0,0,0,256,0,0,0,256,0,0,0,256,0,0,0,0,19,0,0,0,0,0,0,0,51,0,0,0,0,0,0
82,2026-04-08T09:38:37.499073,1,257,257,256,0,0,0,0,0,0,0,0,0,0,0,0,0,0,0,0,0,0,0,0,0,0,0,0,0,0,0,0,256,0,0,0,256,0,0,0,256,0,0,0,0,19,0,0,0,0,0,0,0,51,0,0,0,0,0,0
83,2026-04-08T09:38:38.096397,1,257,257,256,0,0,0,0,0,0,0,0,0,0,0,0,0,0,0,0,0,0,0,0,0,0,0,0,0,0,0,0,256,0,0,0,256,0,0,0,256,0,0,0,0,19,0,0,0,0,0,0,0,51,0,0,0,0,0,0
84,2026-04-08T09:38:38.706426,1,257,257,256,0,0,0,0,0,0,0,0,0,0,0,0,0,0,0,0,0,0,0,0,0,0,0,0,0,0,0,0,256,0,0,0,256,0,0,0,256,0,0,0,0,19,0,0,0,0,0,0,0,51,0,0,0,0,0,0
85,2026-04-08T09:38:39.361675,1,257,257,256,0,0,0,0,0,0,0,0,0,0,0,0,0,0,0,0,0,0,0,0,0,0,0,0,0,0,0,0,256,0,0,0,256,0,0,0,256,0,0,0,0,19,0,0,0,0,0,0,0,51,0,0,0,0,0,0
86,2026-04-08T09:38:39.980079,1,257,257,256,0,0,0,0,0,0,0,0,0,0,0,0,0,0,0,0,0,0,0,0,0,0,0,0,0,0,0,0,256,0,0,0,256,0,0,0,256,0,0,0,0,19,0,0,0,0,0,0,0,51,0,0,0,0,0,0
87,2026-04-08T09:38:40.577617,1,257,257,256,0,0,0,0,0,0,0,0,0,0,0,0,0,0,0,0,0,0,0,0,0,0,0,0,0,0,0,0,256,0,0,0,256,0,0,0,256,0,0,0,0,19,0,0,0,0,0,0,0,51,0,0,0,0,0,0
88,2026-04-08T09:38:41.175508,1,257,257,256,0,0,0,0,0,0,0,0,0,0,0,0,0,0,0,0,0,0,0,0,0,0,0,0,0,0,0,0,256,0,0,0,256,0,0,0,256,0,0,0,0,19,0,0,0,0,0,0,0,51,0,0,0,0,0,0
89,2026-04-08T09:38:41.772550,1,257,257,256,0,0,0,0,0,0,0,0,0,0,0,0,0,0,0,0,0,0,0,0,0,0,0,0,0,0,0,0,256,0,0,0,256,0,0,0,256,0,0,0,0,19,0,0,0,0,0,0,0,51,0,0,0,0,0,0
90,2026-04-08T09:38:42.418252,1,257,257,256,0,0,0,0,0,0,0,0,0,0,0,0,0,0,0,0,0,0,0,0,0,0,0,0,0,0,0,0,256,0,0,0,256,0,0,0,256,0,0,0,0,19,0,0,0,0,0,0,0,51,0,0,0,0,0,0
91,2026-04-08T09:38:43.016312,1,257,257,256,0,0,0,0,0,0,0,0,0,0,0,0,0,0,0,0,0,0,0,0,0,0,0,0,0,0,0,0,256,0,0,0,256,0,0,0,256,0,0,0,0,19,0,0,0,0,0,0,0,51,0,0,0,0,0,0
92,2026-04-08T09:38:43.615035,1,257,257,256,0,0,0,0,0,0,0,0,0,0,0,0,0,0,0,0,0,0,0,0,0,0,0,0,0,0,0,0,256,0,0,0,256,0,0,0,256,0,0,0,0,19,0,0,0,0,0,0,0,51,0,0,0,0,0,0
93,2026-04-08T09:38:44.235591,1,257,257,256,0,0,0,0,0,0,0,0,0,0,0,0,0,0,0,0,0,0,0,0,0,0,0,0,0,0,0,0,256,0,0,0,256,0,0,0,256,0,0,0,0,19,0,0,0,0,0,0,0,51,0,0,0,0,0,0
94,2026-04-08T09:38:44.853384,1,257,257,256,0,0,0,0,0,0,0,0,0,0,0,0,0,0,0,0,0,0,0,0,0,0,0,0,0,0,0,0,256,0,0,0,256,0,0,0,256,0,0,0,0,19,0,0,0,0,0,0,0,51,0,0,0,0,0,0
95,2026-04-08T09:38:45.575060,1,257,257,256,0,0,0,0,0,0,0,0,0,0,0,0,0,0,0,0,0,0,0,0,0,0,0,0,0,0,0,0,256,0,0,0,256,0,0,0,256,0,0,0,0,19,0,0,0,0,0,0,0,51,0,0,0,0,0,0
96,2026-04-08T09:38:46.183455,1,257,257,256,0,0,0,0,0,0,0,0,0,0,0,0,0,0,0,0,0,0,0,0,0,0,0,0,0,0,0,0,256,0,0,0,256,0,0,0,256,0,0,0,0,19,0,0,0,0,0,0,0,51,0,0,0,0,0,0
97,2026-04-08T09:38:46.786353,1,257,257,256,0,0,0,0,0,0,0,0,0,0,0,0,0,0,0,0,0,0,0,0,0,0,0,0,0,0,0,0,256,0,0,0,256,0,0,0,256,0,0,0,0,19,0,0,0,0,0,0,0,51,0,0,0,0,0,0
98,2026-04-08T09:38:47.390067,1,257,257,256,0,0,0,0,0,0,0,0,0,0,0,0,0,0,0,0,0,0,0,0,0,0,0,0,0,0,0,0,256,0,0,0,256,0,0,0,256,0,0,0,0,19,0,0,0,0,0,0,0,51,0,0,0,0,0,0
99,2026-04-08T09:38:47.988343,1,257,257,256,0,0,0,0,0,0,0,0,0,0,0,0,0,0,0,0,0,0,0,0,0,0,0,0,0,0,0,0,256,0,0,0,256,0,0,0,256,0,0,0,0,19,0,0,0,0,0,0,0,51,0,0,0,0,0,0
100,2026-04-08T09:38:48.593222,1,257,257,256,0,0,0,0,0,0,0,0,0,0,0,0,0,0,0,0,0,0,0,0,0,0,0,0,0,0,0,0,256,0,0,0,256,0,0,0,256,0,0,0,0,19,0,0,0,0,0,0,0,51,0,0,0,0,0,0
101,2026-04-08T09:38:49.200701,1,257,257,256,0,0,0,0,0,0,0,0,0,0,0,0,0,0,0,0,0,0,0,0,0,0,0,0,0,0,0,0,256,0,0,0,256,0,0,0,256,0,0,0,0,19,0,0,0,0,0,0,0,51,0,0,0,0,0,0
102,2026-04-08T09:38:49.845398,1,257,257,256,0,0,0,0,0,0,0,0,0,0,0,0,0,0,0,0,0,0,0,0,0,0,0,0,0,0,0,0,256,0,0,0,256,0,0,0,256,0,0,0,0,19,0,0,0,0,0,0,0,51,0,0,0,0,0,0
103,2026-04-08T09:38:50.445335,1,257,257,256,0,0,0,0,0,0,0,0,0,0,0,0,0,0,0,0,0,0,0,0,0,0,0,0,0,0,0,0,256,0,0,0,256,0,0,0,256,0,0,0,0,19,0,0,0,0,0,0,0,51,0,0,0,0,0,0
104,2026-04-08T09:38:51.044114,1,257,257,256,0,0,0,0,0,0,0,0,0,0,0,0,0,0,0,0,0,0,0,0,0,0,0,0,0,0,0,0,256,0,0,0,256,0,0,0,256,0,0,0,0,19,0,0,0,0,0,0,0,51,0,0,0,0,0,0
105,2026-04-08T09:38:51.646891,1,257,257,256,0,0,0,0,0,0,0,0,0,0,0,0,0,0,0,0,0,0,0,0,0,0,0,0,0,0,0,0,256,0,0,0,256,0,0,0,256,0,0,0,0,19,0,0,0,0,0,0,0,51,0,0,0,0,0,0
106,2026-04-08T09:38:52.245811,1,257,257,256,0,0,0,0,0,0,0,0,0,0,0,0,0,0,0,0,0,0,0,0,0,0,0,0,0,0,0,0,256,0,0,0,256,0,0,0,256,0,0,0,0,19,0,0,0,0,0,0,0,51,0,0,0,0,0,0
107,2026-04-08T09:38:52.896365,1,257,257,256,0,0,0,0,0,0,0,0,0,0,0,0,0,0,0,0,0,0,0,0,0,0,0,0,0,0,0,0,256,0,0,0,256,0,0,0,256,0,0,0,0,19,0,0,0,0,0,0,0,51,0,0,0,0,0,0
108,2026-04-08T09:38:53.525066,1,257,257,256,0,0,0,0,0,0,0,0,0,0,0,0,0,0,0,0,0,0,0,0,0,0,0,0,0,0,0,0,256,0,0,0,256,0,0,0,256,0,0,0,0,19,0,0,0,0,0,0,0,51,0,0,0,0,0,0
109,2026-04-08T09:38:54.116339,1,257,257,256,0,0,0,0,0,0,0,0,0,0,0,0,0,0,0,0,0,0,0,0,0,0,0,0,0,0,0,0,256,0,0,0,256,0,0,0,256,0,0,0,0,19,0,0,0,0,0,0,0,51,0,0,0,0,0,0
110,2026-04-08T09:38:54.710263,1,257,257,256,0,0,0,0,0,0,0,0,0,0,0,0,0,0,0,0,0,0,0,0,0,0,0,0,0,0,0,0,256,0,0,0,256,0,0,0,256,0,0,0,0,19,0,0,0,0,0,0,0,51,0,0,0,0,0,0
111,2026-04-08T09:38:55.305302,1,257,257,256,0,0,0,0,0,0,0,0,0,0,0,0,0,0,0,0,0,0,0,0,0,0,0,0,0,0,0,0,256,0,0,0,256,0,0,0,256,0,0,0,0,19,0,0,0,0,0,0,0,51,0,0,0,0,0,0
112,2026-04-08T09:38:55.905578,1,257,257,256,0,0,0,0,0,0,0,0,0,0,0,0,0,0,0,0,0,0,0,0,0,0,0,0,0,0,0,0,256,0,0,0,256,0,0,0,256,0,0,0,0,19,0,0,0,0,0,0,0,51,0,0,0,0,0,0
113,2026-04-08T09:38:56.522729,1,257,257,256,0,0,0,0,0,0,0,0,0,0,0,0,0,0,0,0,0,0,0,0,0,0,0,0,0,0,0,0,256,0,0,0,256,0,0,0,256,0,0,0,0,19,0,0,0,0,0,0,0,51,0,0,0,0,0,0
114,2026-04-08T09:38:57.176135,1,257,257,256,0,0,0,0,0,0,0,0,0,0,0,0,0,0,0,0,0,0,0,0,0,0,0,0,0,0,0,0,256,0,0,0,256,0,0,0,256,0,0,0,0,19,0,0,0,0,0,0,0,51,0,0,0,0,0,0
115,2026-04-08T09:38:57.773812,1,257,257,256,0,0,0,0,0,0,0,0,0,0,0,0,0,0,0,0,0,0,0,0,0,0,0,0,0,0,0,0,256,0,0,0,256,0,0,0,256,0,0,0,0,19,0,0,0,0,0,0,0,51,0,0,0,0,0,0
116,2026-04-08T09:38:58.369333,1,257,257,256,0,0,0,0,0,0,0,0,0,0,0,0,0,0,0,0,0,0,0,0,0,0,0,0,0,0,0,0,256,0,0,0,256,0,0,0,256,0,0,0,0,19,0,0,0,0,0,0,0,51,0,0,0,0,0,0
117,2026-04-08T09:38:58.991534,1,257,257,256,0,0,0,0,0,0,0,0,0,0,0,0,0,0,0,0,0,0,0,0,0,0,0,0,0,0,0,0,256,0,0,0,256,0,0,0,256,0,0,0,0,19,0,0,0,0,0,0,0,51,0,0,0,0,0,0
118,2026-04-08T09:38:59.603073,1,257,257,256,0,0,0,0,0,0,0,0,0,0,0,0,0,0,0,0,0,0,0,0,0,0,0,0,0,0,0,0,256,0,0,0,256,0,0,0,256,0,0,0,0,19,0,0,0,0,0,0,0,51,0,0,0,0,0,0
119,2026-04-08T09:39:00.234506,1,257,257,256,0,0,0,0,0,0,0,0,0,0,0,0,0,0,0,0,0,0,0,0,0,0,0,0,0,0,0,0,256,0,0,0,256,0,0,0,256,0,0,0,0,19,0,0,0,0,0,0,0,51,0,0,0,0,0,0
